Title,Description,Release Date,Director
MODIFICATION,New movie of this year,Sun Mar 03 2024 00:00:00 GMT+0100 (heure normale d’Europe centrale),Theo
HunterXHunter,Manga movie of HunterXHunter,Wed Apr 10 2024 00:00:00 GMT+0200 (heure d’été d’Europe centrale),Mathis
Game Of Thrones,Prix nobel de l'année,Wed Sep 25 2024 00:00:00 GMT+0200 (heure d’été d’Europe centrale),Benoit
new Movie 1,New movie of this year,Sun Mar 03 2024 00:00:00 GMT+0100 (heure normale d’Europe centrale),Theo
tofofo,New movie of this year,Sun Mar 03 2024 00:00:00 GMT+0100 (heure normale d’Europe centrale),Theo
cbbu,New movie of this year,Sun Mar 03 2024 00:00:00 GMT+0100 (heure normale d’Europe centrale),Theo
bsvbsb,New movie of this year,Sun Mar 03 2024 00:00:00 GMT+0100 (heure normale d’Europe centrale),Theo
vbvbdbs,New movie of this year,Sun Mar 03 2024 00:00:00 GMT+0100 (heure normale d’Europe centrale),Theo
vsvbfdbdsg,New movie of this year,Sun Mar 03 2024 00:00:00 GMT+0100 (heure normale d’Europe centrale),Theo
gvergvrq,New movie of this year,Sun Mar 03 2024 00:00:00 GMT+0100 (heure normale d’Europe centrale),Theo
vdsbgs,New movie of this year,Sun Mar 03 2024 00:00:00 GMT+0100 (heure normale d’Europe centrale),Theo
gersgsge,New movie of this year,Sun Mar 03 2024 00:00:00 GMT+0100 (heure normale d’Europe centrale),Theo
